id,is_active,title,slug,desc_len,desc_md5,desc_head,desc_contains_title_strict,desc_contains_title_normalised,images,image_display_orders
3883,true,INDOMIE AYAM BAWANG 69 GR,indomie-ayam-bawang-69-gr,890,5c969aa4fca9b79116103591ef6528a7,<p><strong>INDOMIE AYAM BAWANG 69 GR</strong></p><p>Mi kuah dengan rasa ayam bawang specia,true,true,2,0/1
3887,true,INDOMIE AYAM SPECIAL 68 GR,indomie-ayam-special-68gr,513,1d233f60f939c92c6670b827ed88ecef,<p><strong>INDOMIE AYAM SPECIAL 68 GR</strong></p><p>Mie instan rasa ayam spesial dengan a,true,true,2,0/1
3885,true,INDOMIE EMPAL GENTONG 75 GR,indomie-empal-gentong-75gr,768,7549b02d206f24aabd1246a31022dbbb,"<p><strong>INDOMIE EMPAL GENTONG 75 GR</strong></p><p><span style=""background-color: rgb(2",true,true,2,0/1
3879,true,INDOMIE GORENG AYAM GEPREK 85 GR,indomie-goreng-ayam-geprek-85gr,774,3b03097133dde90e4dd774f91e97868d,"<p><strong>INDOMIE GORENG AYAM GEPREK 85 GR</strong></p> <p><span style=""color: rgba(49, 5",true,true,2,0/1
3853,true,INDOMIE GORENG CABE IJO 85 GR,indomie-goreng-cabe-ijo-85gr,1217,75dbeefefef329708ccb010eebab2d36,<p><strong>INDOMIE GORENG CABE IJO 85 GR</strong></p><p>Indomie Goreng Cabe Ijo merupakan ,true,true,2,0/1
101343,true,INDOMIE GORENG CABE IJO JUMBO 120 GR,indomie-goreng-cabe-ijo-jumbo-120-gr-24,0,d41d8cd98f00b204e9800998ecf8427e,,false,false,0,
3886,true,INDOMIE GORENG IGA PENYET 80 GR,indomie-goreng-iga-penyet-80-gr,2755,00ac666b0c18acbdcbfc3369074b3936,"<p><strong>INDOMIE GORENG IGA PENYET 80 GR</strong></p> <p><span style=""color: rgba(0, 0, ",true,true,2,0/1
3854,true,INDOMIE GORENG MIE ACEH 90 GR,indomie-goreng-mie-aceh-90gr,566,060db101b13d610b3a49154521259a79,<p><strong>INDOMIE GORENG MIE ACEH 90 GR</strong></p><p><strong>Mie Goreng Aceh</strong> d,true,true,2,0/1
5313,true,INDOMIE GORENG RENDANG 91 GR,indomie-goreng-rendang-91gr,982,2f9096bc99b619c66dd972944c2ce4f3,"<p><strong>INDOMIE GORENG RENDANG 91 GR</strong></p><p>Mi Goreng rasa rendang yang nikmat,",true,true,2,0/1
3881,true,INDOMIE GORENG SAMBAL RICA-RICA 85 GR,indomie-goreng-sambal-rica-rica-85gr,599,1b5b91ef84575dbec0512cab693dfef5,<p><strong>INDOMIE GORENG SAMBAL RICA-RICA 85 GR</strong></p><p>Indomie Mie Goreng Rasa Sa,true,true,2,0/1
3875,true,INDOMIE GORENG SPECIAL 85 GR,indomie-goreng-special-85gr,1427,9d53cde61f38d0f925f0e7a06938d45a,<p><strong>INDOMIE GORENG SPECIAL 85 GR</strong></p><p><strong>Indomie Goreng Special </st,true,true,2,0/1
31786,true,INDOMIE HYPE ABIS MI NYEMEK ALA BANGLAHDES'E RASA KARI 80 GR,indomie-hype-abis-mi-nyemek-ala-banglahdese-rasa-k,0,d41d8cd98f00b204e9800998ecf8427e,,false,false,2,0/1
32943,true,INDOMIE HYPE ABIS MI NYEMEK JOGJA RENDANG 84 GR,indomie-hype-abis-mi-nyemek-jogja-rendang-84-gr,549,ac5f12b42b38c01b67b5cf1cc4f02ee8,<p><strong>INDOMIE HYPE ABIS MI NYEMEK JOGJA RENDANG 84 GR</strong></p><p><strong>Indomie ,true,true,2,0/1
3855,true,INDOMIE JUMBO GORENG 129 GR,indomie-jumbo-goreng-129-gr,1183,ac6edb5d77f920d3fb0cb3734e62a8e9,<p><strong>INDOMIE JUMBO GORENG 129 GR</strong></p><p>Produk terpopuler dari brand Indomie,true,true,2,0/1
3869,true,INDOMIE JUMBO GORENG AYAM PANGGANG 127 GR,indomie-jumbo-gorng-ayam-panggang-127gr,987,bd890c5c6b406c2d690b83d99d5fb6ed,"<p><strong>INDOMIE JUMBO GORENG AYAM PANGGANG 127 GR</strong></p><p><span style=""backgroun",true,true,2,0/1
21827,true,INDOMIE JUMBO GORENG RENDANG 120 GR,indomie-jumbo-goreng-rendang-120-gr,995,9e32aec5ed1043768819416a46cb5c91,<p><strong>INDOMIE JUMBO GORENG RENDANG 120 GR&nbsp;</strong></p><p>Mi Goreng rasa rendang,true,true,2,0/1
3888,true,INDOMIE KALDU AYAM 75 GR,indomie-kaldu-ayam-75-gr,686,f2bc225286312c6ade37204edd7d3fd3,<p><strong>INDOMIE KALDU AYAM 75 GR</strong></p><p>Indomie terbuat dari tepung terigu berk,true,true,2,0/1
5418,true,INDOMIE KARI AYAM 72 GR,indomie-kari-ayam-72gr,711,1885c518552e44026a44694dcaf79281,<p><strong>INDOMIE KARI AYAM 72 GR</strong></p><p><strong>Indomie kuah</strong> merupakan ,true,true,2,0/1
3876,true,INDOMIE KERITING AYAM PANGGANG 90 GR,indomie-keriting-ayam-panggang-90gr,687,420b681e231c1a5cfd5b7fc96cab6c50,<p><strong>INDOMIE KERITING AYAM PANGGANG 90 GR</strong></p><p><strong>Indomie Mi Keriting,true,true,2,0/1
3889,true,INDOMIE KERITING GORENG SPECIAL 90 GR,indomie-keriting-goreng-special-90gr,551,069e612bc533d1831f10ffe4a6d5602f,<p><strong>INDOMIE KERITING GORENG SPECIAL 90 GR</strong></p><p>Indomie Mi Keriting merupa,true,true,2,0/1
3852,true,INDOMIE KOCOK BANDUNG 75 GR,indomie-kocok-bandung-75gr,847,837eb5ced64e730666ba19443616e6af,<p><strong>INDOMIE KOCOK BANDUNG 75 GR</strong></p><p>Indomie Mie Kocok Bandung Mie Instan,true,true,2,0/1
24875,true,INDOMIE KUAH RAWON PEDAS MERCON 75 GR,indomie-kuah-rawon-pedas-mercon-75-gr,452,349793a96f8bcd0a657d5060acc72314,"<p><strong>INDOMIE KUAH RAWON PEDAS MERCON 75 GR</strong></p><p class=""ql-align-center""><s",true,true,2,0/1
29439,true,INDOMIE PREMIUM  KOREAN SPICY RAMYEON 83 GR,indomie-premium-korean-spicy-ramyeon-83-gr,585,c0410ec110f9d6c335bc1313cb507b62,<p><strong>INDOMIE PREMIUM&nbsp;KOREAN SPICY RAMYEON 83 GR</strong></p><p>Indomie Premium ,false,true,0,
24104,true,INDOMIE PREMIUM COLLECTION JAP TORI KARA RAMEN 89 GR,indomie-prem-collect-jap-tori-kara-ramen-89-gr,377,a5f5587de8377b5d7ce90f24950bfb79,<p><strong>INDOMIE PREM COLLECT JAP TORI KARA RAMEN 89 GR</strong></p><p>Indomie Premium J,false,false,2,0/1
29342,true,INDOMIE PREMIUM KOREAN FIERY CHICKIN 94 GR,indomie-premium-korean-fiery-chickin-94-gram,280,37a122c082290bcc8e91ff90e0f54caa,<p><strong>INDOMIE PREMIUM KOREAN FIERY CHICKIN 94 GR</strong></p><p>Indomie Premium Colle,true,true,0,
29219,true,INDOMIE PREMIUM KOREAN K-ROSE 85 GR,indomie-prem-korean-k-rose-86-gr,200,bfd93c6ee39b8bf153d67611dd8771e9,<p><strong>INDOMIE PREMIUM KOREAN K-ROSE 86 GR\</strong></p><p>Indomie Premium Collection ,false,false,2,0/1
21227,true,INDOMIE PREMUM COLLECTION JAPANESE MISO RAMEN 86 GR,indomie-prem-collect-jap-miso-ramen-86gr,674,559b0b50a65038b100f11b79363d1c99,<p><strong>INDOMIE PREMUM COLLECTION JAPANESE MISO RAMEN 86 GR</strong></p><p>Indomie Prem,true,true,2,0/1
3776,true,INDOMIE SEBLAK HOT JELETOT 75 GR,indomie-seblak-hot-jeletot-75gr,291,b4ea60f8188b26abb8d0d3c5d7feecc6,<p><strong>INDOMIE SEBLAK HOT JELETOT 75 GR</strong></p> <p>Puaskan hasrat kekinianmu deng,true,true,2,0/1
3882,true,INDOMIE SOTO 70 GR,indomie-soto-70gr,922,027b46fc28bd97ced0380206f2d4745b,"<p><strong>INDOMIE SOTO 70 GR</strong></p><p><strong style=""background-color: rgb(255, 255",true,true,2,0/1
30782,true,INDOMIE SOTO KOYA NAGIH 76 GR,indomie-soto-koya-nagih-76-gr,316,369f766659009c43234c4dc33b333cfa,<p><strong>INDOMIE SOTO KOYA NAGIH 76 GR</strong></p><p><strong>Indomie Soto Koya Nagih </,true,true,0,
30781,true,INDOMIE SOTO KOYA PEDAS DOWER 76 GR,indomie-soto-koya-pedas-dower-76-gr,303,60813c24e4e8fd9b04d1515dd6e69b07,<p><strong>INDOMIE SOTO KOYA PEDAS DOWER 76 GR</strong></p><p><strong>Indomie rasa Soto Ko,true,true,0,
3872,true,INDOMIE SOTO LAMONGAN 80 GR,indomie-soto-lamongan-80gr,1081,04fe51c3e936d5134f59c1db802d058f,"<p><strong style=""color: rgba(0, 0, 0, 0.8);"">INDOMIE SOTO LAMONGAN 80 GR</strong></p><p><",true,true,2,0/1
3877,true,INDOMIE SOTO SPECIAL 75 GR,indomie-soto-special-75gr,666,d29eb0b766c62a8ff24d4bd10f1b733b,<p><strong>INDOMIE SOTO SPECIAL 75 GR</strong></p><p>Indomie Soto Special adalah salah sat,true,true,2,0/1
30038,false,INDOMIE CAKALANG KUAH 75 GR,indomie-cakalang-kuah-75-gr,892,fa4ca4680b7ea43f6d2498c4cbc412d6,<p><strong>INDOMIE CAKALANG KUAH 75 GR</strong></p><p><strong>Indomie Cakalang Kuah</stron,true,true,2,0/1
30042,false,INDOMIE GORENG CAKALANG 82 GR,indomie-goreng-cakalang-82-gr,439,e7a03950fc28358e4847cd054300ad7d,<p><strong>INDOMIE GORENG CAKALANG 82 GR</strong></p><p><strong>Indomie Goreng Cakalang</s,true,true,2,0/1
26103,false,INDOMIE GORENG KEBULI 85 GR,indomie-goreng-kebuli-85-gr,0,d41d8cd98f00b204e9800998ecf8427e,,false,false,2,0/1
5314,false,INDOMIE GORENG REAL MEAT MUSHROOM CHICKEN 100 GR,indomie-goreng-real-meat-mushroom-chicken-100gr,811,0d473c95ceee4bb76b9c60b711778944,<p><strong>INDOMIE GORENG REAL MEAT MUSHROOM CHICKEN 100 GR</strong></p> <p>Indomie Real M,true,true,2,0/1
5315,false,INDOMIE GORENG REAL MEAT PEPPER CHICKEN 100 GR,indomie-goreng-real-meat-pepper-chicken-100gr,1709,9b982ad663c81186d9bffdd0cc7579de,"<p><strong>INDOMIE GORENG REAL MEAT PEPPER CHICKEN 100 GR</strong></p> <p><span style=""bac",true,true,2,0/1
20304,false,INDOMIE HYPE ABIS KEBAB RENDANG 83 GR,indomie-hype-abis-kebab-rendang-83-gr,768,023382bc18c806c56a0b2503757c38d7,<p><strong>INDOMIE HYPE ABIS KEBAB RENDANG 83 GR</strong></p> <p>Memadukan 2 makanan yang ,true,true,2,0/1
3878,false,INDOMIE MIEGHETTI BOLOGNESE 85 GR,indomie-mieghetti-bolognese-85gr,1588,1d73a1f07155cee441027417ca03c3d6,"<p><strong>INDOMIE MIEGHETTI BOLOGNESE 85 GR</strong></p> <p><span style=""color: rgba(49, ",true,true,2,0/1
21226,false,INDOMIE PREMIUM COLLECTION JAPANESE SHOYU RAMEN 82 GR,indomie-prem-collect-jap-shoyu-ramen-82gr-20,669,d2ca4ce5357c3953db7e7958e327cfe0,<p><strong>INDOMIE PREMIUM COLLECTION JAPANESE SHOYU RAMEN 82 GR&nbsp;</strong></p><p>Indo,true,true,2,0/1
21228,false,INDOMIE PREMIUM COLLECTION JAPANESE TAKOYAKI RAMEN 91 GR,indomie-prem-collect-jap-takoyaki-ramen-91gr,776,abbf585d7a1ecd90d0f1afdd6c308697,<p><strong>INDOMIE PREMIUM COLLECTION JAPANESE TAKOYAKI RAMEN 91 GR</strong></p><p>Indomie,true,true,2,0/1
18869,false,INDOMIE SOTO BANJAR LIMAU KULIT 75 GR,indomie-soto-banjar-limau-kulit-75-gr,1702,3f382dd70ee292ad4cfcbbadc64245c5,<p><strong>INDOMIE SOTO BANJAR LIMAU</strong> KULIT <strong>75 GR</strong></p> <p><span st,false,true,2,0/1
