measure,bucket,value
pack rows · does the single exist in the same category?,no,6043
pack rows · does the single exist in the same category?,yes,891
pack rows · top categories,10 Mainan dan Alat Lainnya,53
pack rows · top categories,1005 SABUN CUCI MOTOR,3
pack rows · top categories,1023 PITA RENDA,11
pack rows · top categories,103 SAUS,1
pack rows · top categories,1035 RAKET BADMINTON,6
pack rows · top categories,1037 SHUTTLECOCK / KOK BADMINTON,7
pack rows · top categories,104 SELAI & OLESAN,1
pack rows · top categories,1041 KACAMATA RENANG,3
pack rows · top categories,1049 HAND GRIP BUSA,2
pack rows · top categories,105 SEREAL & SARAPAN,1
pack rows · top categories,1054 BOLA PING PONG,1
pack rows · top categories,106 TEPUNG,1
pack rows · top categories,1063 BOLA TENNIS,1
pack rows · top categories,1065 PELUIT,1
pack rows · top categories,1066 STOPWATCH,1
pack rows · top categories,1067 KARPET / MATRAS OLAHRAGA,3
pack rows · top categories,1068 PERALATAN PERAWATAN ANJING,1
pack rows · top categories,107 BUAH,21
pack rows · top categories,1077 MAKANAN KUCING,16
pack rows · top categories,1081 CD DVD,1
pack rows · top categories,1082 GAMING PAD (STICK UNTUK MAIN GAME),1
pack rows · top categories,1086 KEYBOARD,1
pack rows · top categories,1088 MOUSE MAT,8
pack rows · top categories,1098 KABEL POWER,4
pack rows · top categories,111 SAYURAN SEGAR,21
pack rows · top categories,1114 LILIN LAINNYA,13
pack rows · top categories,1115 LILIN ULANG TAHUN,5
pack rows · top categories,1117 AMPLOP SURAT,8
pack rows · top categories,1119 STEMPEL,1
pack rows · top categories,112 TELUR,3
pack rows · top categories,1120 TINTA STEMPEL,1
pack rows · top categories,1126 REFILL STAPLER,1
pack rows · top categories,1127 BANDO & BANDANA ANAK,2
pack rows · top categories,1128 IKAT RAMBUT ANAK,11
pack rows · top categories,1129 JEPIT RAMBUT ANAK,11
pack rows · top categories,1131 SISIR ANAK,3
pack rows · top categories,1133 BANDO & BANDANA DEWASA,8
pack rows · top categories,1134 IKAT RAMBUT DEWASA,29
pack rows · top categories,1135 JEPIT RAMBUT DEWASA,13
pack rows · top categories,1136 SISIR DEWASA,6
pack rows · top categories,1138 PAYUNG LIPAT,1
pack rows · top categories,1141 BAWAHAN ANAK LAKI-LAKI,4
pack rows · top categories,1142 PAKAIAN DALAM ANAK LAKI-LAKI,1
pack rows · top categories,1144 SET PAKAIAN ANAK LAKI-LAKI,1
pack rows · top categories,1148 PAKAIAN DALAM ANAK PEREMPUAN,3
pack rows · top categories,1155 KAIN ALAS,1
pack rows · top categories,1156 KAIN BEDONG,9
pack rows · top categories,1157 SARUNG KAKI BAYI,4
pack rows · top categories,1160 TOPI BAYI,1
pack rows · top categories,1173 SARUNG,1
pack rows · top categories,1176 CELANA PANJANG PRIA,1
pack rows · top categories,1179 CELANA BOXER,3
pack rows · top categories,1180 CELANA DALAM PRIA,24
pack rows · top categories,1187 KEMEJA WANITA,2
pack rows · top categories,1199 KERUDUNG WANITA,5
pack rows · top categories,1206 KAIN BATIK WANITA,1
pack rows · top categories,1211 CELANA PANJANG WANITA,6
pack rows · top categories,1223 BRA WANITA,4
pack rows · top categories,1224 CELANA DALAM WANITA,6
pack rows · top categories,1229 DASTER WANITA,2
pack rows · top categories,1245 KAUS KAKI ANAK & BAYI LAKI-LAKI,12
pack rows · top categories,125 PERALATAN MAKAN ANAK & BAYI,38
pack rows · top categories,1252 KAUS KAKI ANAK & BAYI PEREMPUAN,15
pack rows · top categories,1264 DOMPET PRIA,2
pack rows · top categories,1273 AKSESORIS TRAVEL & KOPER,4
pack rows · top categories,1276 DOMPET WANITA,2
pack rows · top categories,1281 TAS POUCH WANITA,49
pack rows · top categories,1290 PELUIT,1
pack rows · top categories,"13 COKLAT, KOPI & TEH",1
pack rows · top categories,130 PERLENGKAPAN ANAK & BAYI LAINNYA ,3
pack rows · top categories,1301 KUAS MASKER,1
pack rows · top categories,1304 SPONGE / BLENDER / APLIKATOR MAKE UP,17
pack rows · top categories,1307 MAKEUP & TRAVEL CASE,1
pack rows · top categories,1308 PENJEPIT BULU MATA,1
pack rows · top categories,1309 PERALATAN MANICURE & PEDICURE,1
pack rows · top categories,1310 PINSET & PERALATAN ALIS,4
pack rows · top categories,1317 SUSU BUBUK,40
pack rows · top categories,1318 SUSU CAIR & UHT,1
pack rows · top categories,1319 SUSU IBU HAMIL,2
pack rows · top categories,1321 SUSU KENTAL MANIS,9
pack rows · top categories,1322 SUSU KESEHATAN,14
pack rows · top categories,1323 SUSU LAINNYA,6
pack rows · top categories,133 PERLENGKAPAN MENYUSUI ANAK & BAYI,1
pack rows · top categories,1335 NASI SIAP SAJI,1
pack rows · top categories,1350 ROTI LAINNYA,2
pack rows · top categories,1354 SABUN ANAK & BAYI BATANG,1
pack rows · top categories,1358 POPOK (DIAPERS) ANAK & BAYI KAIN,1
pack rows · top categories,136 PERAWATAN WAJAH,1
pack rows · top categories,1360 ANTI NYAMUK LOTION,5
pack rows · top categories,1362 SABUN BADAN BATANG,70
pack rows · top categories,1374 JAMU/OBAT HERBAL,5
pack rows · top categories,1376 SUPLEMEN MAKANAN ANAK,2
pack rows · top categories,1380 GEL/KRIM PEREDA NYERI,1
pack rows · top categories,1382 KOYO,7
pack rows · top categories,1384 MINYAK ANGIN,2
pack rows · top categories,1389 OBAT LUAR LAINNYA,2
pack rows · top categories,1391 OBAT MINUM UNTUK BATUK & PILEK,1
pack rows · top categories,1392 OBAT MINUM UNTUK DEMAM,7
pack rows · top categories,1394 OBAT MINUM UNTUK SAKIT KEPALA,5
pack rows · top categories,1395 OBAT MINUM UNTUK SULIT TIDUR,1
pack rows · top categories,1396 OBAT MINUM LAINNYA,32
pack rows · top categories,1399 KASA/PERBAN,1
pack rows · top categories,14 MAKANAN KECIL ,3
pack rows · top categories,1400 PLESTER ANTISEPTIC,11
pack rows · top categories,1403 POPOK (DIAPERS) DEWASA SEKALI PAKAI (DISPOSABLE) MODEL CELANA,11
pack rows · top categories,1404 POPOK (DIAPERS) DEWASA SEKALI PAKAI (DISPOSABLE) DENGAN PEREKAT,7
pack rows · top categories,1406 ANTI NYAMUK ELEKTRIK KEMASAN REFILL SAJA,2
pack rows · top categories,1409 DETERJEN BUBUK,7
pack rows · top categories,1410 DETERJEN CAIR,12
pack rows · top categories,1413 PELEMBUT & PEWANGI PAKAIAN (SOFTENER) KEMASAN REFILL (POUCH),12
pack rows · top categories,1414 PELICIN PAKAIAN KEMASAN REFILL (POUCH),6
pack rows · top categories,142 MULTIVITAMIN & SUPLEMEN,2
pack rows · top categories,1422 CAIRAN PEMBERSIH KAMAR MANDI & KLOSET (PORSTEX),1
pack rows · top categories,1424 CAIRAN PEMBERSIH LANTAI,1
pack rows · top categories,1425 KARBOL,1
pack rows · top categories,1426 PEMBERSIH & SEMIR KAYU UNTUK MEBEL (FURNITURE POLISH),1
pack rows · top categories,1432 PENGHARUM RUANGAN ELEKTRIK ALAT & ISINYA,2
pack rows · top categories,1433 PENGHARUM RUANGAN ELEKTRIK REFILL SAJA,6
pack rows · top categories,1435 PERALATAN DAN PENYIMPANAN DI KAMAR MANDI,1
pack rows · top categories,144 OBAT-OBATAN,6
pack rows · top categories,1440 PERLENGKAPAN KAMAR & KAMAR MANDI,5
pack rows · top categories,1442 PERLENGKAPAN LAINNYA,3
pack rows · top categories,1445 CAPO GITAR,1
pack rows · top categories,1450 PIANIKA,2
pack rows · top categories,1455 CELANA OLAHRAGA PRIA,1
pack rows · top categories,146 KEBUTUHAN KHUSUS LANJUT USIA,4
pack rows · top categories,1470 KECAP MANIS KEMASAN REFILL (POUCH),2
pack rows · top categories,1473 POPOK (DIAPERS) ANAK & BAYI SEKALI PAKAI (DISPOSABLE) MODEL CELANA,5
pack rows · top categories,1474 POPOK (DIAPERS) ANAK & BAYI SEKALI PAKAI (DISPOSABLE) DENGAN PEREKAT,1
pack rows · top categories,1476 SABUN BADAN CAIR KEMASAN REFILL,6
pack rows · top categories,1478 SABUN CUCI TANGAN CAIR KEMASAN REFILL (POUCH),1
pack rows · top categories,148 ANTI HAMA & SERANGGA,10
pack rows · top categories,1482 OBAT BATUK & PILEK DEWASA,9
pack rows · top categories,1483 OBAT DIARE,2
pack rows · top categories,1484 OBAT LAMBUNG,2
pack rows · top categories,1485 OBAT PENCAHAR,1
pack rows · top categories,1486 OBAT PENCERNAAN LAINNYA,2
pack rows · top categories,1496 CAIRAN PENCUCI PIRING KEMASAN REFILL (POUCH),3
pack rows · top categories,1500 CAIRAN PEMBERSIH KAMAR MANDI & KLOSET (PORSTEX) KEMASAN BOTOL,3
pack rows · top categories,1501 CAIRAN PEMBERSIH KAMAR MANDI & KLOSET (PORSTEX) KEMASAN REFILL (POUCH),1
pack rows · top categories,151 PENGHARUM RUANGAN,8
pack rows · top categories,1514 SERAP AIR & PENYERAP BAU KEMASAN BIASA,1
pack rows · top categories,1515 SERAP AIR & PENYERAP BAU KEMASAN REFILL (POUCH),1
pack rows · top categories,1519 MASKER ANTI DEBU,87
pack rows · top categories,1521 PENGANGKAT DEBU PAKAIAN (LINT ROLLER),1
pack rows · top categories,1523 SABUT & SPONS,1
pack rows · top categories,1528 TISU,1
pack rows · top categories,1529 BASKOM AIR,1
pack rows · top categories,1535 RAK GANTUNG HANDUK,3
pack rows · top categories,1540 SPONS MANDI (SHOWER NET),3
pack rows · top categories,1541 ALAT DAPUR & AKSESORIS DAPUR,59
pack rows · top categories,1543 TEMPAT PENYIMPANAN MAKANAN & MINUMAN,23
pack rows · top categories,1546 TEMPAT PENYIMPANAN LAINNYA,21
pack rows · top categories,1547 ALAS SETRIKAAN,1
pack rows · top categories,1548 GANTUNGAN / JEMURAN BAJU,16
pack rows · top categories,1550 JEPIT UNTUK JEMURAN,7
pack rows · top categories,1551 KERANJANG LAUNDRY,12
pack rows · top categories,1553 LEMARI PENYIMPANAN SUSUN,1
pack rows · top categories,1558 BANTAL DEWASA,1
pack rows · top categories,1559 CERMIN,26
pack rows · top categories,156 GERGAJI,1
pack rows · top categories,1561 HANDUK,67
pack rows · top categories,1563 KAPSTOK,6
pack rows · top categories,1564 KASUR,19
pack rows · top categories,1567 SELIMUT (BEDCOVER),128
pack rows · top categories,1568 SPREI,643
pack rows · top categories,1569 TIRAI,13
pack rows · top categories,1571 BENDERA MERAH PUTIH,10
pack rows · top categories,1572 RAK SIKU,22
pack rows · top categories,1573 TAPLAK MEJA,28
pack rows · top categories,1574 TIKAR,9
pack rows · top categories,1583 KAIN KESET,16
pack rows · top categories,1584 KAIN LAP,3
pack rows · top categories,1585 KAIN LAP TANGAN,4
pack rows · top categories,1586 KAIN MICROFIBER,8
pack rows · top categories,1587 KAIN PEL,2
pack rows · top categories,1588 KAIN SERBET,10
pack rows · top categories,1589 LAP KANEBO,1
pack rows · top categories,1590 SABUT & SPONS DUA SISI UNTUK DAPUR,6
pack rows · top categories,1591 SABUT NILON SAJA,2
pack rows · top categories,1592 SABUT STAINLESS STEEL,3
pack rows · top categories,1593 SPON / BUSA SAJA,6
pack rows · top categories,1597 SARUNG TANGAN KAIN,2
pack rows · top categories,1599 SARUNG TANGAN LATEX,3
pack rows · top categories,16 FRESH,2
pack rows · top categories,160 KUAS CAT,1
pack rows · top categories,1607 TISU BASAH NON BABY,47
pack rows · top categories,1608 TISU DAPUR,3
pack rows · top categories,1609 TISU FACIAL (HALUS),55
pack rows · top categories,1610 TISU GULUNG,24
pack rows · top categories,1611 TISU NAPKIN (KASAR),8
pack rows · top categories,1619 TEMPAT TISSUE MEJA,8
pack rows · top categories,1623 BASKOM SAYUR,2
pack rows · top categories,1624 CELEMEK,1
pack rows · top categories,1625 CEMPAL,8
pack rows · top categories,1627 CETAKAN / LOYANG KUE,27
pack rows · top categories,1628 CETAKAN AGAR/PUDDING,1
pack rows · top categories,163 OBENG,1
pack rows · top categories,1635 GULUNGAN ALUMINUM FOIL,6
pack rows · top categories,1638 KANTONG PLASTIK KRESEK,44
pack rows · top categories,1643 NAMPAN,4
pack rows · top categories,1648 PERESAN JERUK,1
pack rows · top categories,1650 PLASTIK BENING CLING WRAP,14
pack rows · top categories,1656 SENDOK DAPUR,3
pack rows · top categories,1659 TEMPAT PENYIMPAN ALAT MAKAN,1
pack rows · top categories,1663 TUSUK SATE,2
pack rows · top categories,1664 WADAH AIR / TEKO AIR MINUM (JUG),1
pack rows · top categories,1671 WAJAN,7
pack rows · top categories,1672 TEMPAT PENYIMPANAN MAKANAN,23
pack rows · top categories,1675 PLASTIK SAMPAH,25
pack rows · top categories,1678 SENDOK,7
pack rows · top categories,1683 CANGKIR,1
pack rows · top categories,1691 KONTAINER,54
pack rows · top categories,170 STOP KONTAK,1
pack rows · top categories,1701 NAMPAN PLASTIK,7
pack rows · top categories,1708 SENDOK TAKAR,1
pack rows · top categories,1714 SELANG KOMPOR GAS,1
pack rows · top categories,1719 PANCI SAYUR,1
pack rows · top categories,1721 KOTAK MAKAN PLASTIK,122
pack rows · top categories,1723 TOPLES,17
pack rows · top categories,1724 ZIPPER BAG,25
pack rows · top categories,1725 KOTAK MAKAN KERTAS UNTUK CATERING,18
pack rows · top categories,1726 ANEKA BOTOL KOSONG,1
pack rows · top categories,1727 BOTOL MINUM PLASTIK,1
pack rows · top categories,173 BAUT/SEKRUP,86
pack rows · top categories,1730 BESEK ANYAMAN,1
pack rows · top categories,1731 KERANJANG ANYAMAN,1
pack rows · top categories,1732 KERANJANG TELUR BESI,2
pack rows · top categories,1733 KERANJANG UNTUK AIR MINERAL GELAS,5
pack rows · top categories,1734 GARPU PLASTIK,4
pack rows · top categories,1735 GARPU STAINLESS,5
pack rows · top categories,1736 SENDOK PLASTIK,8
pack rows · top categories,1737 SENDOK STAINLESS ,7
pack rows · top categories,1741 PIRING KERTAS,2
pack rows · top categories,1742 PIRING MELAMIN,2
pack rows · top categories,1743 PIRING PLASTIK,2
pack rows · top categories,1748 MANGKUK KERTAS,9
pack rows · top categories,1749 MANGKUK MELAMIN,1
pack rows · top categories,1750 MANGKUK PLASTIK,6
pack rows · top categories,1752 MANGKUK STAINLESS STEEL,3
pack rows · top categories,1755 GELAS / CUP KERTAS,10
pack rows · top categories,1757 GELAS / CUP PLASTIK,13
pack rows · top categories,176 LEM MATERIAL,1
pack rows · top categories,1767 CANGKIR KERAMIK,2
pack rows · top categories,1769 CANGKIR PLASTIK,1
pack rows · top categories,177 MUR,17
pack rows · top categories,1774 SUMPIT BAMBU,1
pack rows · top categories,1777 SUMPIT STAINLESS STEEL,1
pack rows · top categories,1779 SEDOTAN PLASTIK,3
pack rows · top categories,178 PAKU,3
pack rows · top categories,1780 SEDOTAN STAINLESS STEEL,1
pack rows · top categories,1783 SENDOK ES KRIM KAYU,2
pack rows · top categories,1785 INVENTORY KANTOR,13
pack rows · top categories,1788 BARANG OBRAL,16
pack rows · top categories,179 PEREKAT,1
pack rows · top categories,1791 OLYMPIC,17
pack rows · top categories,181 SEAL TAPE,3
pack rows · top categories,1814 ARTEMEDIA,92
pack rows · top categories,1819 SAOS CABAI,4
pack rows · top categories,1822 SAOS TOMAT KEMASAN SACHET,4
pack rows · top categories,1824 MINUMAN BUBUK,6
pack rows · top categories,1835 MINUMAN SERBUK RASA COKLAT,7
pack rows · top categories,1836 BERAS PORANG,2
pack rows · top categories,1839 PENGGARIS,1
pack rows · top categories,1840 SERUTAN,2
pack rows · top categories,1848 SAMBAL KEMASAN SACHET,14
pack rows · top categories,1856 SAUS CABAI KEMASAN SACHET,7
pack rows · top categories,1857 TALENAN,1
pack rows · top categories,1858 BOX PENYIMPANAN MAKANAN,28
pack rows · top categories,1864 UNDERPAD,6
pack rows · top categories,1866 PELEMBUT & PEWANGI PAKAIAN (SOFTENER) KEMASAN SACHET,31
pack rows · top categories,1867 PELICIN PAKAIAN KEMASAN SACHET,10
pack rows · top categories,1868 PEMUTIH DAN PENGHILANG NODA KEMASAN SACHET,1
pack rows · top categories,1869 CAIRAN PEMBERSIH LANTAI KEMASAN SACHET,2
pack rows · top categories,1871 KARBOL KEMASAN SACHET,2
pack rows · top categories,1874 TEMPAT BUMBU,3
pack rows · top categories,1875 SARUNG TANGAN PLASTIK,6
pack rows · top categories,1878 SAKLAR,1
pack rows · top categories,1880 KUNCI Y,10
pack rows · top categories,1883 ISI LEM TEMBAK,2
pack rows · top categories,1889 SPATULA,3
pack rows · top categories,1890 CETAKAN MAKANAN,1
pack rows · top categories,191 KLEM KABEL,3
pack rows · top categories,192 KOTAK PERKAKAS (TOOL BOX),9
pack rows · top categories,194 PIPA,6
pack rows · top categories,196 SELANG SHOWER,4
pack rows · top categories,198 TALI PLASTIK TWIST TIE (CABLE TIE NYLON),24
pack rows · top categories,199 TALI RAFIA,3
pack rows · top categories,2 Keperluan Anak dan Bayi,16
pack rows · top categories,20 PERLENGKAPAN ANAK & BAYI,1
pack rows · top categories,200 TALI TAMBANG,5
pack rows · top categories,208 PERAWATAN MOTOR,2
pack rows · top categories,21 GIFT SET ANAK & BAYI,5
pack rows · top categories,219 PENITI,2
pack rows · top categories,22 Perawatan Diri,1
pack rows · top categories,23 Perawatan Diri & Rumah Tangga,3
pack rows · top categories,24 ALAT ALAT PERBAIKAN RUMAH,1
pack rows · top categories,240 BUNGA & TANAMAN ARTIFISIAL (BUATAN),2
pack rows · top categories,247 POT BUNGA,15
pack rows · top categories,25 MATERIAL PERBAIKAN RUMAH,4
pack rows · top categories,250 SELANG AIR,4
pack rows · top categories,252 PERALATAN BERKEBUN LAINNYA,1
pack rows · top categories,253 PERLENGKAPAN BERKEBUN LAINNYA,3
pack rows · top categories,255 TASBIH,1
pack rows · top categories,256 PERAWATAN HEWAN PELIHARAAN,10
pack rows · top categories,258 MAKANAN HEWAN PELIHARAAN,1
pack rows · top categories,26 PERLENGKAPAN PERBAIKAN RUMAH,6
pack rows · top categories,260 DISPENSER,1
pack rows · top categories,27 Perawatan & Suku Cadang Mobil,1
pack rows · top categories,270 PERLENGKAPAN KOMPUTER,7
pack rows · top categories,277 BATERAI,2
pack rows · top categories,278 BOHLAM,6
pack rows · top categories,286 KABEL GULUNG,58
pack rows · top categories,287 KIPAS ANGIN,6
pack rows · top categories,29 MENJAHIT,2
pack rows · top categories,292 SENTER,2
pack rows · top categories,294 STEKER,1
pack rows · top categories,298 CAT UNTUK MENGGAMBAR / MELUKIS,2
pack rows · top categories,299 CRAYON,18
pack rows · top categories,301 KANVAS,3
pack rows · top categories,302 KUAS CAT UNTUK MENGGAMBAR / MELUKIS,2
pack rows · top categories,303 PEN WARNA WARNI,5
pack rows · top categories,304 PENSIL WARNA WARNI,9
pack rows · top categories,305 PEN,7
pack rows · top categories,306 PENGHAPUS,10
pack rows · top categories,307 PENSIL,9
pack rows · top categories,308 SPIDOL,9
pack rows · top categories,309 STABILO,5
pack rows · top categories,31 OLAHRAGA,3
pack rows · top categories,310 TIPPEX,1
pack rows · top categories,315 BUKU AGENDA / JURNAL,3
pack rows · top categories,317 BUKU GAMBAR,32
pack rows · top categories,319 BUKU KWITANSI,5
pack rows · top categories,320 BUKU NOTA,1
pack rows · top categories,321 BUKU TULIS,23
pack rows · top categories,322 BALON,12
pack rows · top categories,324 FRAME FOTO,7
pack rows · top categories,325 KEMBANG API,3
pack rows · top categories,328 STIKER,3
pack rows · top categories,332 TOPI PESTA/TOPI ULANG TAHUN,1
pack rows · top categories,333 AKSESORIS ULANG TAHUN LAINNYA,11
pack rows · top categories,334 BOX FILE,7
pack rows · top categories,339 KERTAS FOLIO,1
pack rows · top categories,340 KERTAS KADO,1
pack rows · top categories,341 KERTAS KARTON,3
pack rows · top categories,342 KERTAS MANILA,1
pack rows · top categories,345 KERTAS STIKER,1
pack rows · top categories,346 AMPLOP,18
pack rows · top categories,348 BINDER CLIP,3
pack rows · top categories,351 CELENGAN,72
pack rows · top categories,358 KANTONG WARNA WARNI,13
pack rows · top categories,359 KARET GELANG,1
pack rows · top categories,36 ALAT ELEKTRONIK KANTOR & GADGET,1
pack rows · top categories,360 KOTAK KADO,81
pack rows · top categories,361 KOTAK PENSIL (PENCIL CASE),6
pack rows · top categories,362 LAKBAN,2
pack rows · top categories,365 PAPER CLIP,3
pack rows · top categories,367 SAMPUL BUKU,8
pack rows · top categories,368 SELOTIP,7
pack rows · top categories,37 ALAT ELEKTRONIK RUMAH LAINNYA,6
pack rows · top categories,371 STICKY NOTES,7
pack rows · top categories,374 WHITE BOARD,8
pack rows · top categories,375 AKSESORIS RAMBUT ANAK,1
pack rows · top categories,377 AKSESORIS FASHION DEWASA LAINNYA,7
pack rows · top categories,378 AKSESORIS RAMBUT DEWASA,1
pack rows · top categories,38 ALAT MENGGAMBAR / MELUKIS,3
pack rows · top categories,380 IKAT PINGGANG,4
pack rows · top categories,382 KIPAS TANGAN LIPAT,1
pack rows · top categories,385 ROLL (GULUNGAN) RAMBUT DEWASA,2
pack rows · top categories,386 SAPU TANGAN DEWASA,1
pack rows · top categories,39 ALAT TULIS,3
pack rows · top categories,395 BATIK PRIA,1
pack rows · top categories,398 ATASAN WANITA,8
pack rows · top categories,404 PAKAIAN DALAM WANITA,1
pack rows · top categories,408 JAM TANGAN PRIA,3
pack rows · top categories,41 BUKU TULIS,28
pack rows · top categories,417 BROS ANAK-ANAK,1
pack rows · top categories,418 CINCIN ANAK-ANAK,1
pack rows · top categories,42 DEKORASI & KELENGKAPAN PESTA,14
pack rows · top categories,422 ANTING DEWASA,4
pack rows · top categories,425 GELANG DEWASA,1
pack rows · top categories,430 KAUS KAKI PRIA,6
pack rows · top categories,432 SANDAL PRIA,1
pack rows · top categories,438 KAUS KAKI WANITA,2
pack rows · top categories,44 KERTAS,69
pack rows · top categories,442 SEPATU FLAT DAN SEPATU BALET WANITA,4
pack rows · top categories,447 TAS ANAK,5
pack rows · top categories,448 TAS PRIA,1
pack rows · top categories,449 TAS TRAVEL & KOPER,34
pack rows · top categories,45 PERALATAN UMUM,13
pack rows · top categories,450 TAS WANITA,1
pack rows · top categories,453 KUAS & APLIKATOR MAKE UP,1
pack rows · top categories,454 AKSESORIS ALAT KECANTIKAN,2
pack rows · top categories,460 DEKORASI PEWARNA KUKU,1
pack rows · top categories,466 EYEBROW,1
pack rows · top categories,47 AKSESORIS FASHION ANAK,2
pack rows · top categories,48 AKSESORIS FASHION DEWASA,7
pack rows · top categories,486 MANDI BOLA,5
pack rows · top categories,488 SEPEDA ANAK,2
pack rows · top categories,489 KARTU DOMINO,1
pack rows · top categories,49 FASHION ANAK & BAYI,2
pack rows · top categories,490 KARTU REMI,1
pack rows · top categories,492 BUBBLE WRAP ,1
pack rows · top categories,498 TERPAL,3
pack rows · top categories,"5 Hobi, Ibadah, dan Olahraga",3
pack rows · top categories,504 MINUMAN BERPROTEIN,1
pack rows · top categories,509 MINUMAN ENERGI,8
pack rows · top categories,51 FASHION WANITA,1
pack rows · top categories,510 MINUMAN KESEHATAN,68
pack rows · top categories,511 MINUMAN RASA BUAH,52
pack rows · top categories,515 YOGHURT,17
pack rows · top categories,516 MINUMAN LAINNYA,20
pack rows · top categories,519 KOPI BUBUK INSTAN KEMASAN BUNGKUS/SACHET,141
pack rows · top categories,52 JAM TANGAN,1
pack rows · top categories,523 KOPI KEMASAN PACK,14
pack rows · top categories,524 TEH CELUP,87
pack rows · top categories,525 TEH BUBUK,13
pack rows · top categories,527 TEH INSTAN SERBUK BERPERISA,42
pack rows · top categories,528 TEH KEMASAN BOTOL,1
pack rows · top categories,53 KACAMATA,1
pack rows · top categories,531 TEH KEMASAN PACK,5
pack rows · top categories,532 BISKUIT SEASONAL ,10
pack rows · top categories,533 COOKIES & BISKUIT,69
pack rows · top categories,534 CRACKERS,5
pack rows · top categories,535 WAFER,21
pack rows · top categories,536 KERIPIK KENTANG,5
pack rows · top categories,540 KERIPIK LAINNYA,1
pack rows · top categories,541 GRANOLA BAR & NUTRISI BAR,3
pack rows · top categories,544 PUDDING & JELLY,35
pack rows · top categories,545 RUMPUT LAUT,19
pack rows · top categories,546 JAJANAN TRADISIONAL,2
pack rows · top categories,547 SNACK LAINNYA,14
pack rows · top categories,548 MARSHMALLOW,1
pack rows · top categories,549 PERMEN,94
pack rows · top categories,550 PERMEN GULA KAPAS,2
pack rows · top categories,552 PERMEN KARET,17
pack rows · top categories,553 PERMEN PENYEGAR NAFAS,37
pack rows · top categories,555 BAHAN PEWARNA DAN PERISA KUE,1
pack rows · top categories,557 BUBUK PUDDING/JELLY/AGAR-AGAR DAN VLA,2
pack rows · top categories,558 RAGI,5
pack rows · top categories,560 BERAS CAMPUR,5
pack rows · top categories,565 BUMBU MASAK INSTAN,7
pack rows · top categories,566 BUMBU PENYEDAP,10
pack rows · top categories,567 GARAM,2
pack rows · top categories,568 BUMBU REMPAH,11
pack rows · top categories,570 SANTAN,1
pack rows · top categories,571 BUMBU DAPUR LAINNYA,3
pack rows · top categories,573 ES KRIM,17
pack rows · top categories,574 GULA PASIR,9
pack rows · top categories,576 GULA AREN,1
pack rows · top categories,581 PEMANIS & PENGGANTI GULA,10
pack rows · top categories,583 ANEKA DIMSUM BEKU,2
pack rows · top categories,584 BAKSO BEKU,15
pack rows · top categories,585 DAGING AYAM BEKU,2
pack rows · top categories,586 DAGING SAPI BEKU,3
pack rows · top categories,587 GYOZA / PANGSIT BEKU,1
pack rows · top categories,588 IKAN & SEAFOOD BEKU,2
pack rows · top categories,590 MANTAU BEKU,1
pack rows · top categories,596 SOSIS BEKU,36
pack rows · top categories,597 MAKANAN BEKU LAINNYA,18
pack rows · top categories,60 TAS & KOPER,31
pack rows · top categories,609 SOSIS SIAP MAKAN,10
pack rows · top categories,61 SERAGAM & ATRIBUT SEKOLAH,3
pack rows · top categories,612 MIE INSTAN BUNGKUS,27
pack rows · top categories,618 MIE SOA KERING,1
pack rows · top categories,628 MINYAK KELAPA,1
pack rows · top categories,633 KEJU,23
pack rows · top categories,635 MENTEGA (BUTTER),4
pack rows · top categories,643 SAOS  PEDAS & SAMBAL,1
pack rows · top categories,650 KUE,16
pack rows · top categories,652 OAT & HAVERMOUT,7
pack rows · top categories,653 ROTI,4
pack rows · top categories,654 SEREAL,34
pack rows · top categories,660 TEPUNG TAPIOKA,1
pack rows · top categories,663 ANGGUR,4
pack rows · top categories,67 BONEKA ,1
pack rows · top categories,670 JERUK,2
pack rows · top categories,672 KIWI,2
pack rows · top categories,679 NAGA,1
pack rows · top categories,68 MAINAN ANAK LAKI-LAKI,57
pack rows · top categories,681 PEAR,1
pack rows · top categories,69 MAINAN ANAK PEREMPUAN,18
pack rows · top categories,690 STRAWBERRY,2
pack rows · top categories,693 IKAN DORY SEGAR,1
pack rows · top categories,7 Alat dan Buku Tulis,46
pack rows · top categories,70 MAINAN BAYI & BALITA,4
pack rows · top categories,700 BAWANG BOMBAY,2
pack rows · top categories,701 BAWANG MERAH,2
pack rows · top categories,702 BAWANG PUTIH,2
pack rows · top categories,703 BAYAM,2
pack rows · top categories,704 BIT/BEETROOT,1
pack rows · top categories,705 BROKOLI,2
pack rows · top categories,706 BUNCIS,1
pack rows · top categories,707 CABE,11
pack rows · top categories,708 CAISIM,1
pack rows · top categories,710 DAUN BAWANG,1
pack rows · top categories,718 HORENZO,1
pack rows · top categories,719 JAGUNG,2
pack rows · top categories,72 MAINAN OLAHRAGA DAN AKTIVITAS,59
pack rows · top categories,720 JAHE ,3
pack rows · top categories,721 JAMUR,7
pack rows · top categories,726 KAILAN,1
pack rows · top categories,728 KANGKUNG,1
pack rows · top categories,736 KENTANG,4
pack rows · top categories,737 KENTANG MERAH,1
pack rows · top categories,739 KOL,2
pack rows · top categories,74 ALAT LAINNYA,2
pack rows · top categories,741 KUNYIT,3
pack rows · top categories,743 LABU SIAM,1
pack rows · top categories,744 LABU/PUMPKIN,1
pack rows · top categories,746 LENGKUAS,2
pack rows · top categories,749 LOBAK (RADISH),1
pack rows · top categories,75 MAKANAN & MINUMAN BAYI,20
pack rows · top categories,752 OYONG,1
pack rows · top categories,754 PAKCOY,1
pack rows · top categories,756 PAPRIKA,5
pack rows · top categories,757 PARIA,1
pack rows · top categories,76 SNACK BAYI,9
pack rows · top categories,763 SAWI PUTIH,2
pack rows · top categories,764 SAYURAN CAMPUR DALAM KEMASAN,35
pack rows · top categories,77 SUSU FORMULA BAYI,27
pack rows · top categories,771 SELADA ROMAINE,1
pack rows · top categories,772 SELEDRI,1
pack rows · top categories,774 TAHU,5
pack rows · top categories,776 TAOGE,2
pack rows · top categories,777 TEMPE,2
pack rows · top categories,779 TERONG,4
pack rows · top categories,78 MINUMAN DALAM KEMASAN,6
pack rows · top categories,781 TIMUN,5
pack rows · top categories,782 TOMAT,6
pack rows · top categories,784 WORTEL,1
pack rows · top categories,785 ZUKINI,2
pack rows · top categories,787 TELUR ASIN PACK,4
pack rows · top categories,789 TELUR AYAM KAMPUNG PACK,3
pack rows · top categories,790 TELUR AYAM PACK,11
pack rows · top categories,791 TELUR PUYUH PACK,1
pack rows · top categories,793 PAKET SIKAT GIGI DAN PASTA GIGI ANAK & BAYI,6
pack rows · top categories,795 SIKAT GIGI ANAK & BAYI,3
pack rows · top categories,80 KOPI INSTAN (RTD),60
pack rows · top categories,804 SABUN ANAK & BAYI,1
pack rows · top categories,807 TOP TO TOE WASH ANAK & BAYI,1
pack rows · top categories,81 KRIMER,1
pack rows · top categories,814 GUNTING KUKU,1
pack rows · top categories,818 SIKAT BOTOL SUSU & DOT,1
pack rows · top categories,826 PERALATAN MAKAN ANAK & BAYI ,10
pack rows · top categories,829 BOTOL SUSU,1
pack rows · top categories,83 TEH INSTAN,6
pack rows · top categories,830 DOT & EMPENG (PACIFIER),12
pack rows · top categories,835 COOLER BAG,5
pack rows · top categories,836 GENDONGAN,1
pack rows · top categories,841 COTTON BALL ANAK & BAYI,5
pack rows · top categories,842 COTTON BUD ,82
pack rows · top categories,845 TISU BASAH (BABY WIPES),78
pack rows · top categories,85 COKLAT MAKANAN KECIL,29
pack rows · top categories,850 BIB/SLABER BAYI,1
pack rows · top categories,855 HANDUK ANAK & BAYI,9
pack rows · top categories,858 WASLAP MANDI ANAK & BAYI,7
pack rows · top categories,867 BANTAL ANAK & BAYI,1
pack rows · top categories,870 PERLAK ANAK & BAYI,7
pack rows · top categories,873 KONDISIONER RAMBUT (HAIR CONDITIONER),7
pack rows · top categories,874 MASKER RAMBUT (HAIR MASK),1
pack rows · top categories,875 PENATA RAMBUT (WAX/GEL/POMADE/FOAM),2
pack rows · top categories,877 PEWARNA RAMBUT,4
pack rows · top categories,878 SERUM RAMBUT,2
pack rows · top categories,879 SHAMPOO,100
pack rows · top categories,88 KACANG DAN SNACK LAINNYA,3
pack rows · top categories,880 SPRAY RAMBUT,4
pack rows · top categories,882 VITAMIN RAMBUT,23
pack rows · top categories,883 FACE MOISTURIZER,1
pack rows · top categories,884 KAPAS KECANTIKAN,4
pack rows · top categories,885 KERTAS MINYAK WAJAH,2
pack rows · top categories,889 MASKER KECANTIKAN,11
pack rows · top categories,891 PEMBERSIH WAJAH (FACE WASH),3
pack rows · top categories,892 PORE PACK,5
pack rows · top categories,894 SERUM WAJAH,2
pack rows · top categories,896 ANTI NYAMUK,1
pack rows · top categories,899 BODY LOTION,3
pack rows · top categories,9 Kosmetik dan Alat Kecantikan,2
pack rows · top categories,90 BINGKISAN SNACK,1
pack rows · top categories,904 SABUN BADAN,1
pack rows · top categories,905 SABUN CUCI TANGAN,1
pack rows · top categories,909 OBAT KUMUR (MOUTHWASH) DEWASA,3
pack rows · top categories,910 PAKET SIKAT GIGI DAN PASTA GIGI DEWASA,1
pack rows · top categories,911 PASTA GIGI DEWASA,11
pack rows · top categories,912 SIKAT GIGI DEWASA,97
pack rows · top categories,914 TUSUK GIGI ,5
pack rows · top categories,918 ALAT CUKUR,22
pack rows · top categories,921 PANTY LINER,56
pack rows · top categories,922 PEMBALUT,175
pack rows · top categories,924 VITAMIN & MULTIVITAMIN,57
pack rows · top categories,929 OBAT MINUM,1
pack rows · top categories,93 BUMBU DAPUR,7
pack rows · top categories,932 ALAT TES KEHAMILAN,1
pack rows · top categories,933 KONDOM,21
pack rows · top categories,935 POPOK (DIAPERS) DEWASA,1
pack rows · top categories,937 ANTI NYAMUK BAKAR,20
pack rows · top categories,939 KAMPER / KAPUR BARUS (CAMPHOR/NAPHTALENE BALL),30
pack rows · top categories,940 KAPUR ANTI HAMA,4
pack rows · top categories,941 LEM/PERANGKAP/JEBAKAN HAMA,4
pack rows · top categories,943 DETERJEN PAKAIAN,1
pack rows · top categories,944 PELEMBUT & PEWANGI PAKAIAN (SOFTENER),11
pack rows · top categories,945 PELICIN PAKAIAN ,1
pack rows · top categories,95 GULA & PEMANIS,2
pack rows · top categories,953 PENGHARUM RUANGAN GANTUNG,1
pack rows · top categories,955 PERALATAN RUMAH TANGGA,99
pack rows · top categories,956 PERLENGKAPAN RUMAH TANGGA,3
pack rows · top categories,957 BOR LISTRIK,1
pack rows · top categories,96 MADU,23
pack rows · top categories,962 KUNCI PAS,8
pack rows · top categories,963 KUNCI RING,21
pack rows · top categories,965 KUNCI SOCKET,2
pack rows · top categories,966 OBENG BIASA,2
pack rows · top categories,97 MAKANAN BEKU,1
pack rows · top categories,972 BANTAL AKSESORIS,8
pack rows · top categories,977 KARPET MOBIL,7
pack rows · top categories,979 PEWANGI MOBIL,15
pack rows · top categories,988 SABUT & SPONS DUA SISI UNTUK MOBIL,1
pack rows · top categories,"99 MIE, BIHUN, KWETIAU INSTAN",1
pack rows · unit that follows the multiplier,(no unit),2055
pack rows · unit that follows the multiplier,G,2
pack rows · unit that follows the multiplier,GR,49
pack rows · unit that follows the multiplier,KG,3
pack rows · unit that follows the multiplier,L,1
pack rows · unit that follows the multiplier,ML,56
pack rows · unit that follows the multiplier,PC,2
pack titles · totals,ISI N,3521
pack titles · totals,any pack token,6934
pack titles · totals,any pack token · active,5529
pack titles · totals,any pack token · active online,2572
pack titles · totals,multiplier N x M,2168
pack titles · totals,pack word,1583
